Model,ROC AUC,Precision,Recall,F1 Score,Mean Accuracy
K-Nearest Neighbors,0.9999909728178732,0.9989884685413717,0.9931617055510861,0.9960665658093797,0.9982645841676678
XGBoost,0.9802144394185406,0.8261355174981385,0.8925985518905873,0.8580819798917246,0.9346771681573444
Gradient Boosting,0.974911828966629,0.9183055975794251,0.7325020112630732,0.8149474155292011,0.9264005695723757
Random Forest,0.9625746877215566,0.862214498510427,0.6985116653258246,0.7717777777777778,0.9086014328305078
